Percentage Point Increase,Suicide Rate Awareness,Suicide Rate Access,Rate Reduction Access,95% CI Rate Reduction Access
4,0.063602,0.063468,0.0001340000000000091,"[-0.0015640767924379017, 0.00183207679243792]"
8,0.062438,0.061948,0.0004899999999999974,"[-0.001191250069620862, 0.002171250069620857]"
