Percentage Point Increase,Suicide Rate Awareness,Suicide Rate Access,Rate Reduction Access,95% CI Rate Reduction Access
4,0.06282,0.06236,0.0004600000000000021,"[-0.001226250617204079, 0.002146250617204083]"
8,0.061172,0.06083,0.0003419999999999951,"[-0.0013241188652403921, 0.0020081188652403825]"
12,0.060484,0.059202,0.0012820000000000054,"[-0.00036924051284481095, 0.0029332405128448215]"
