Increase in Awareness/Access (pp),Suicide Rate,Suicide Rate 95% CI,Rate Reduction vs. Baseline,Rate Reduction vs. Baseline 95% CI,Rate Reduction vs. Previous Scenario,Rate Reduction vs. Previous Scenario 95% CI
0,0.065056,"[0.06437240157667923, 0.06573959842332078]",0,0,0,0
4,0.063394,"[0.06271859056985393, 0.06406940943014608]",0.0016619999999999968,"[-4.463375596122838e-05, 0.003368633755961222]",0.0016619999999999968,"[-4.463375596122838e-05, 0.003368633755961222]"
8,0.062124,"[0.06145493703434597, 0.06279306296565403]",0.002932000000000004,"[0.0012332688613207446, 0.004630731138679263]",0.0012700000000000072,"[-0.0004183683757414951, 0.0029583683757415094]"
12,0.060558,"[0.059896872347426015, 0.061219127652573986]",0.004498000000000002,"[0.0028090961141728757, 0.006186903885827128]",0.001565999999999998,"[-0.00010444464547750324, 0.0032364446454774994]"
