Increase in Awareness (pp),Suicide Rate,Suicide Rate 95% CI,Rate Reduction vs. Baseline,Rate Reduction vs. Baseline 95% CI,Rate Reduction vs. Previous Scenario,Rate Reduction vs. Previous Scenario 95% CI
0,0.064082,"[0.06340318488633093, 0.06476081511366907]",0,0,0,0
4,0.06282,"[0.06214744927305409, 0.06349255072694591]",0.0012619999999999992,"[-0.0004350243875618572, 0.0029590243875618556]",0.0012619999999999992,"[-0.0004350243875618572, 0.0029590243875618556]"
8,0.061172,"[0.06050774637791424, 0.06183625362208575]",0.002910000000000003,"[0.0012233139833563672, 0.004596686016643639]",0.0016480000000000036,"[-3.0752588767114265e-05, 0.0033267525887671215]"
12,0.060484,"[0.05982325038751675, 0.06114474961248326]",0.003597999999999997,"[0.0019156603736862827, 0.005280339626313711]",0.0006879999999999942,"[-0.0009759065738077955, 0.002351906573807784]"
