Increase in Awareness/Access (pp),Suicide Rate,Suicide Rate 95% CI,Rate Reduction vs. Baseline,Rate Reduction vs. Baseline 95% CI,Rate Reduction vs. Previous Scenario,Rate Reduction vs. Previous Scenario 95% CI
0,0.064082,"[0.06340318488633093, 0.06476081511366907]",0,0,0,0
4,0.061738,"[0.06107088160425576, 0.062405118395744245]",0.002343999999999999,"[0.0006537517859640115, 0.004034248214035986]",0.002343999999999999,"[0.0006537517859640115, 0.004034248214035986]"
8,0.06112,"[0.06045601037852642, 0.06178398962147358]",0.0029619999999999994,"[0.0012756418606609155, 0.004648358139339084]",0.0006180000000000005,"[-0.001053571582656747, 0.002289571582656748]"
12,0.059162,"[0.058508051688095836, 0.05981594831190416]",0.004920000000000001,"[0.0032460629208303175, 0.006593937079169684]",0.0019580000000000014,"[0.0003029236090861256, 0.0036130763909138774]"
